country,year,CE,average_gvc,average_gvcs,average_gvcc,average_f,average_b
AUS,2000,345316.0805321709,0.29182918202630287,0.19586962134779815,0.09595956067850475,0.154680082322525,0.1371490997037779
AUS,2001,356601.5866999867,0.27562556876774164,0.18890400730937756,0.08672156145836406,0.14534055860124462,0.13028501016649707
AUS,2002,365440.96231376025,0.26372538214273045,0.18079819754525298,0.08292718459747753,0.13633648849026808,0.12738889365246236
AUS,2003,372304.83487946005,0.2419161154978294,0.16596359282950798,0.07595252266832142,0.12446613700436446,0.11744997849346496
AUS,2004,373545.88128712465,0.2506407220138123,0.17069128044184725,0.0799494415719651,0.126753297621845,0.12388742439196734
AUS,2005,372035.4119030627,0.2583438540369456,0.17336105671135305,0.08498279732559258,0.12935164855118814,0.12899220548575746
AUS,2006,374571.98461239995,0.2642934409820485,0.17551295575614623,0.08878048522590233,0.1316646256671045,0.132628815314944
AUS,2007,387390.17091556144,0.26726797828652704,0.1760816819568431,0.09118629632968397,0.1310517585213465,0.13621621976518056
AUS,2008,380721.8896978495,0.2848141480544191,0.18218907093334719,0.10262507712107193,0.1423755740858706,0.1424385739685485
AUS,2009,397379.58810731303,0.26244148151450397,0.18049255810157966,0.08194892341292428,0.13414612661342304,0.128295354901081
AUS,2010,391910.218925195,0.26797596397387746,0.1804582447690938,0.08751771920478368,0.14223818794599477,0.12573777602788272
AUS,2011,382678.2547127577,0.28025381789561904,0.1852187858095564,0.09503503208606277,0.14539383063399433,0.13485998726162476
AUS,2012,379674.0690602441,0.2759439767971747,0.18001426103461857,0.09592971576255611,0.14532008035668034,0.13062389644049438
AUS,2013,373573.6230071289,0.29617849182563727,0.1957992839795945,0.10037920784604261,0.15483501607686764,0.14134347574876965
AUS,2014,365240.60249078774,0.2952478820884118,0.19811665816477347,0.09713122392363832,0.15307296581981494,0.14217491626859685
AUT,2000,58441.6791242525,0.4699842937917831,0.255821788817972,0.214162504973811,0.2631997123171895,0.20678458147459353
AUT,2001,62619.22270996412,0.47777250780681857,0.2654068130602987,0.21236569474651976,0.2658527391283475,0.21191976867847104
AUT,2002,64201.73836445357,0.4800329938974965,0.23553851900916456,0.24449447488833184,0.26910975683185356,0.2109232370656429
AUT,2003,67768.43028999695,0.4820850619502919,0.24954894426209953,0.2325361176881924,0.2665576360757349,0.21552742587455695
AUT,2004,65453.4407521775,0.48801954969337474,0.2590718258157677,0.22894772387760703,0.2698400842455459,0.21817946544782882
AUT,2005,68297.45798137606,0.5190697668698603,0.25544429899970034,0.2636254678701599,0.2855032379642822,0.23356652890557814
AUT,2006,64237.82770609679,0.52793124375722,0.2688907794526455,0.25904046430457445,0.28745352236064164,0.24047772139657833
AUT,2007,63646.30092751203,0.5401255117084505,0.2946765165084341,0.24544899520001645,0.29984903358038295,0.24027647812806754
AUT,2008,56657.852,0.5558542668496244,0.20928855809662422,0.3465657087530001,0.3075928953781836,0.24826137147144073
AUT,2009,50859.564,0.5242408091121036,0.26559121725551343,0.2586495918565901,0.29169214712132246,0.23254866199078109
AUT,2010,54738.46,0.555639510384247,0.26970462628639824,0.2859348840978487,0.30363471117542157,0.2520047992088255
AUT,2011,54034.275,0.5718492109007218,0.2742593840754889,0.2975898268252327,0.3089626965725856,0.2628865143281361
AUT,2012,47286.187000000005,0.5747040087783042,0.2705016534107872,0.30420235536751694,0.30834971020824037,0.2663542985700639
AUT,2013,46713.821,0.5760396190030668,0.2721966874967565,0.30384293150631025,0.30839145821253594,0.2676481607905309
AUT,2014,43508.71,0.5809468282180381,0.2764942318395783,0.30445259637845973,0.31539107301826663,0.26555575519977137
BEL,2000,101779.061,0.5991341024168216,0.30607228926369157,0.29306181315313007,0.32606071169612266,0.273073390720699
BEL,2001,99438.24100000001,0.6013403598073372,0.30626440563840274,0.2950759541689344,0.32709875762079815,0.27424160218653904
BEL,2002,97001.59,0.6005696678151219,0.3029889878179788,0.2975806799971432,0.33186360106764445,0.2687060667474775
BEL,2003,97281.69900000001,0.589618536216411,0.29614401041021654,0.29347452580619454,0.32751483346565213,0.26210370275075895
BEL,2004,98043.385,0.5986004497662203,0.2964206456712132,0.302179804095007,0.3343883780606481,0.2642120717055721
BEL,2005,94905.188,0.60675426482854,0.2975559289501031,0.3091983358784368,0.3390044151476121,0.2677498496809278
BEL,2006,93574.197,0.6139099728893489,0.29451401832804086,0.3193959545613082,0.3436491784309049,0.270260794458444
BEL,2007,92223.07800000001,0.631170693635895,0.2998096895715453,0.3313610040643497,0.35352516026120484,0.2776455333746902
BEL,2008,88785.963,0.671885691925885,0.3226171805944663,0.3492685113314188,0.36576354567604985,0.3061221462498352
BEL,2009,77222.307,0.6597830701676116,0.3129763224144214,0.34680674775319026,0.36118727313608207,0.2985957970315296
BEL,2010,82672.542,0.7127025066309469,0.3354122443799424,0.3772902622510045,0.37342060998427895,0.33928189664666797
BEL,2011,76909.727,0.7247016833248684,0.3324930147705416,0.3922086685543268,0.3745204194709102,0.3501812638539582
BEL,2012,74870.321,0.7401814656364372,0.3293675201171927,0.4108139455192444,0.38115235306634065,0.35902911257009656
BEL,2013,74347.354,0.7360079206229068,0.32547167290756635,0.4105362477153405,0.38079546857596813,0.3552124520469385
BEL,2014,71884.234,0.7550583245721019,0.31624670209363215,0.4388116224784698,0.3906160259152948,0.364442298656807
BGR,2000,46368.44667895608,0.32246601431675875,0.23363992659604857,0.08882608772071013,0.07582602725959083,0.24663998705716794
BGR,2001,50538.33721584799,0.32730039980849895,0.2401380213522844,0.08716237845621459,0.0761524825735327,0.25114791723496627
BGR,2002,46126.73299721677,0.3253798645396193,0.2350572309914587,0.09032263354816064,0.08663783532822374,0.23874202921139562
BGR,2003,50595.74719418512,0.36262261899757525,0.2559672014914419,0.10665541750613329,0.11057937750368153,0.25204324149389373
BGR,2004,50274.87718375212,0.43650210358419816,0.2951975575227773,0.14130454606142093,0.15620886648488536,0.28029323709931275
BGR,2005,51152.37826614196,0.452217670581777,0.29866400851650915,0.15355366206526785,0.16445845506111062,0.2877592155206664
BGR,2006,51714.05011000046,0.487130090342852,0.30887523400187217,0.17825485634097973,0.18644773753109153,0.30068235281176053
BGR,2007,55417.31452368451,0.5442430468186957,0.33538979544089664,0.20885325137779906,0.22681350197787026,0.3174295448408254
BGR,2008,51813.16499999999,0.5602071169342493,0.3378739381587102,0.22233317877553907,0.24199057254155873,0.3182165443926906
BGR,2009,43730.704,0.4686383391215631,0.2966449906374773,0.17199334848408568,0.20877291456026564,0.2598654245612975
BGR,2010,45687.245,0.5343328147076074,0.31479753886068845,0.21953527584691895,0.2593431129631048,0.2749897017445026
BGR,2011,50841.763,0.5729157441520263,0.3199654121248753,0.2529503320271509,0.2902079913994319,0.28270775275259435
BGR,2012,46045.13,0.5843877016359171,0.33011876925203365,0.25426893238388354,0.28775947360699783,0.2966282280289194
BGR,2013,40567.793,0.6065854771532674,0.33150922940956473,0.27507624774370265,0.3062092764829916,0.30037620067027576
BGR,2014,43129.553,0.6047821149153104,0.32947504896807595,0.2753070659472346,0.30491156884056986,0.2998705460747407
BRA,2000,317840.13021758053,0.1584271460352651,0.11081147256458665,0.047615673470678396,0.07902271121979038,0.07940443481547471
BRA,2001,324014.15152075025,0.17978657591447972,0.12570666863699004,0.054079907277489604,0.09193296146090726,0.08785361445357244
BRA,2002,323378.3687582147,0.1899115756932296,0.13168885175960965,0.05822272393361985,0.10618336771218526,0.08372820798104434
BRA,2003,320530.26401368115,0.19517637501615387,0.13482583276464738,0.06035054225150651,0.10802451012211381,0.08715186489404007
BRA,2004,332869.67629052297,0.19774924089913315,0.1346511512025394,0.06309808969659374,0.10967287362697135,0.08807636727216181
BRA,2005,328195.8696109408,0.18855362905913436,0.12738191070643656,0.06117171835269777,0.10422991273176853,0.08432371632736584
BRA,2006,331528.6082857244,0.18732169196734155,0.1253024351874186,0.062019256779922934,0.10343023730205415,0.0838914546652874
BRA,2007,351240.0115826055,0.1807784077962951,0.12108449123370528,0.0596939165625898,0.095668331220877,0.08511007657541807
BRA,2008,366713.9060744854,0.19082866975848337,0.12751279771391064,0.06331587204457269,0.09409860489028442,0.09673006486819899
BRA,2009,347398.52265707304,0.16305991221321722,0.11421973833790802,0.04884017387530919,0.08307153964978028,0.07998837256343692
BRA,2010,398977.41141013376,0.16717019817117212,0.11477510603670897,0.05239509213446313,0.08426301047970555,0.08290718769146657
BRA,2011,415977.2783189971,0.1729428370320695,0.11672178498432474,0.05622105204774472,0.08707653265613505,0.08586630437593447
BRA,2012,437550.11398226686,0.18217040129616177,0.12399681608724925,0.058173585208912484,0.0901795805255718,0.09199082077058998
BRA,2013,470022.6927470287,0.18619774817062443,0.12724322573852084,0.05895452243210355,0.08759794965269924,0.09859979851792519
BRA,2014,494476.9529405852,0.18893162177367062,0.13032602887787084,0.058605592895799724,0.08886141377124979,0.10007020800242086
CAN,2000,436228.3863446833,0.46718520817840464,0.3043588865699986,0.16282632160840613,0.2710586627807,0.19612654539770463
CAN,2001,431892.8935999971,0.46658141878473575,0.3148365356388137,0.1517448831459222,0.2725002850495003,0.1940811337352355
CAN,2002,427942.5111288418,0.46368843561040274,0.3319595968235948,0.13172883878680786,0.2702326653005792,0.19345577030982347
CAN,2003,442758.0275791232,0.448874446044673,0.3002905916259769,0.1485838544186961,0.2587068683683445,0.19016757767632855
CAN,2004,430915.6437896546,0.45831465751891,0.30581132131794836,0.1525033362009616,0.26533525277320363,0.1929794047457064
CAN,2005,456242.89318669506,0.46134537209026405,0.30890571048932625,0.15243966160093775,0.26325470121016575,0.19809067088009827
CAN,2006,450889.6213592109,0.45825569825740886,0.30021851436498415,0.15803718389242477,0.26045931681830725,0.1977963814391016
CAN,2007,471198.47971573373,0.4530580932307618,0.2900917946742162,0.16296629855654554,0.26028091682643156,0.19277717640433023
CAN,2008,449387.36500732426,0.46290875294444656,0.29925654005621377,0.16365221288823276,0.26177406977287015,0.2011346831715764
CAN,2009,428381.6104472732,0.4115846927145702,0.27302375279135327,0.13856093992321686,0.22498731666926342,0.18659737604530682
CAN,2010,450269.02388160763,0.41289958597140664,0.30278708820891653,0.11011249776249007,0.22008611211183388,0.19281347385957276
CAN,2011,455831.8482305147,0.43136033358056003,0.21229794248465417,0.2190623910959059,0.230736698346739,0.20062363523382104
CAN,2012,456566.8049452469,0.43091425661674654,0.22238354301061414,0.2085307136061324,0.23097259673966794,0.19994165987707863
CAN,2013,463917.555775642,0.43745051811643054,0.21902447135018843,0.21842604676624194,0.23964627304119615,0.1978042450752344
CAN,2014,466506.3657221623,0.4498971821451647,0.06112731540845475,0.38876986673670944,0.24423639847129575,0.205660783673869
CHE,2000,28247.885150666378,0.44449709776680674,0.2506741187186149,0.19382297904819196,0.24901263071884988,0.1954844670479569
CHE,2001,29152.17514616143,0.4345165022217475,0.2421487944941538,0.19236770772759376,0.2399322191550453,0.1945842830667022
CHE,2002,27782.997838967967,0.42564810982937795,0.23320630458692493,0.19244180524245308,0.24431795184540772,0.18133015798397026
CHE,2003,27593.73792470323,0.42397060033317985,0.2335824049964269,0.19038819533675272,0.23888571262135677,0.1850848877118231
CHE,2004,27629.35691627305,0.4401207214919358,0.23676026837011796,0.20336045312181797,0.24884567093392337,0.19127505055801247
CHE,2005,27876.852073179045,0.44746379549878595,0.238848693870545,0.20861510162824082,0.248328446778306,0.19913534872047992
CHE,2006,27928.09509145736,0.4585057994975179,0.2409241801371971,0.21758161936032078,0.24900569948670082,0.2095001000108171
CHE,2007,27242.339047815178,0.47981770563494325,0.24941835757700304,0.2303993480579401,0.265119520822461,0.21469818481248223
CHE,2008,27990.649549203717,0.4724929429176098,0.2445531966463802,0.22793974627122962,0.2613656107406243,0.2111273321769854
CHE,2009,26800.028930549885,0.4495789805474368,0.24718322644162571,0.20239575410581098,0.2541228731462206,0.19545610740121616
CHE,2010,27605.011605235824,0.4562169931502751,0.2437433278517487,0.2124736652985265,0.26129736402761633,0.19491962912265873
CHE,2011,26651.23553898584,0.44987159893786915,0.23379983418486955,0.2160717647529995,0.25080541926477495,0.19906617967309417
CHE,2012,27061.14503788081,0.4637197009808698,0.24313157098199784,0.22058812999887203,0.26042092374636583,0.20329877723450399
CHE,2013,27524.182708378918,0.4613429108130047,0.24448618491635954,0.21685672589664506,0.25637907895979273,0.204963831853212
CHE,2014,25962.904027591456,0.46604436350768885,0.24735346149458615,0.21869090201310273,0.2618100972869617,0.20423426622072718
CHN,2000,3376267.009989873,0.1857088385841478,0.11245272002070585,0.07325611856344201,0.07844600648796035,0.10726283209618745
CHN,2001,3581295.6823813897,0.1789716137327966,0.11188735163775333,0.06708426209504324,0.07692101023798067,0.10205060349481596
CHN,2002,3878076.4864274426,0.19554695857944218,0.1197308888005411,0.07581606977890104,0.0856359577731985,0.10991100080624368
CHN,2003,4502876.402707703,0.22081275245443507,0.12944059919365972,0.09137215326077536,0.09378926944007987,0.1270234830143552
CHN,2004,5194125.969407175,0.2484862288486632,0.14566529426020552,0.10282093458845766,0.10506965916223084,0.14341656968643238
CHN,2005,5882176.671140119,0.2579240027061882,0.1495944682227612,0.10832953448342697,0.11101621189404572,0.1469077908121425
CHN,2006,6513085.5806137705,0.2640533749179664,0.14934521876173473,0.11470815615623163,0.11934691301642479,0.1447064619015416
CHN,2007,7099829.72648768,0.2658349486175588,0.1506945863359469,0.11514036228161187,0.12102766735191708,0.14480728126564174
CHN,2008,7250476.145597963,0.2537642033387324,0.1444771013070457,0.10928710203168673,0.11669624737754519,0.1370679559611872
CHN,2009,7802220.752903391,0.20564250622860963,0.12290657147123317,0.0827359347573765,0.09306050067633163,0.11258200555227803
CHN,2010,8499984.638644312,0.22852114586076533,0.1333931026468201,0.09512804321394536,0.10239786053795627,0.1261232853228091
CHN,2011,9297218.231604284,0.23088533881618642,0.1344529843727309,0.09643235444345546,0.10227815929940016,0.12860717951678624
CHN,2012,9511118.912993869,0.21747883774731647,0.12766115351604243,0.08981768423127395,0.09773006383604024,0.11974877391127622
CHN,2013,9985504.160875471,0.20975726626387317,0.12366579249859774,0.08609147376527533,0.09452160050814304,0.11523566575573016
CHN,2014,9946168.06743201,0.20019207426874816,0.11934983391090138,0.08084224035784672,0.0950503856983218,0.10514168857042637
CYP,2000,6778.093801229903,0.4280102515521287,0.2666400885495961,0.16137016300253237,0.17805012771365683,0.24996012383847185
CYP,2001,6616.608352953482,0.4581759429307228,0.3099991057973797,0.14817683713334298,0.20317576827062783,0.255000174660095
CYP,2002,6710.30778868574,0.4587749124975799,0.29379988561652126,0.16497502688105867,0.19540479284782125,0.2633701196497586
CYP,2003,7311.789189170795,0.4666940932851665,0.3109770787745229,0.15571701451064365,0.20673321870250175,0.2599608745826647
CYP,2004,7266.30150857536,0.4886107940938818,0.2904400784196194,0.19817071567426237,0.22921894629512798,0.25939184779875385
CYP,2005,7094.880092257715,0.463305028216696,0.2313790015260256,0.23192602669067017,0.2149687960743882,0.24833623214230782
CYP,2006,7103.339013046854,0.45340696495272353,0.22530029358615988,0.22810667136656373,0.19558750677314987,0.2578194581795737
CYP,2007,7389.550115435993,0.4990541850201142,0.28358808950338044,0.21546609551673362,0.23166010862766045,0.2673940763924538
CYP,2008,7555.482,0.6458107600042988,0.3540291708943604,0.2917815891099382,0.3509565495395947,0.294854210464704
CYP,2009,7267.059,0.5007359539415877,0.28012897509049217,0.22060697885109534,0.224789957349116,0.27594599659247165
CYP,2010,6868.871,0.49108636540005846,0.2282216376326604,0.26286472776739817,0.22562419821743407,0.2654621671826244
CYP,2011,6301.431,0.6996015916675792,0.34794099278036267,0.35166059888721696,0.429327546385945,0.2702740452816341
CYP,2012,5693.093,0.6557163253293243,0.25983554421858057,0.3958807811107436,0.3679511171467383,0.287765208182586
CYP,2013,5091.093,0.7716104794736822,0.39687772554019884,0.3747327539334835,0.4943125084384971,0.2772979710351852
CYP,2014,5433.1320000000005,0.97877563760373,0.3563452777557193,0.6224303598480128,0.7068990661841206,0.2718765714196095
CZE,2000,120631.88308756473,0.5253928482339351,0.3018330462531435,0.22355980198079164,0.2766811178807507,0.2487117303531844
CZE,2001,119561.33825133719,0.5168787623972945,0.2918542360716275,0.22502452632566688,0.27411252205377634,0.24276624034351815
CZE,2002,115188.88186516044,0.4979970721076744,0.2761038253122441,0.2218932467954302,0.2582211652838976,0.2397759068237768
CZE,2003,117590.82357640342,0.499114298489474,0.267566298437289,0.23154800005218498,0.263518612483275,0.235595686006199
CZE,2004,119878.78084620945,0.5315163826828141,0.2706946352725101,0.260821747410304,0.27981398893388804,0.25170239374892617
CZE,2005,116917.66988235123,0.5421852386787888,0.26909299121057334,0.27309224746821553,0.28130427611204406,0.2608809625667447
CZE,2006,116419.16147015609,0.5565843399785525,0.275354104245842,0.28123023573271055,0.28329811089155904,0.27328622908699346
CZE,2007,120664.9407118402,0.5624259444210344,0.27112933625806135,0.2912966081629731,0.28766419141798505,0.27476175300304934
CZE,2008,99572.162,0.5576882806441944,0.2712755935179084,0.28641268712628587,0.28341473471339235,0.2742735459308021
CZE,2009,91406.65199999999,0.552312901663586,0.2737169531050732,0.27859594855851294,0.2894678030208622,0.2628450986427238
CZE,2010,93577.573,0.5951277563450494,0.28743707815485225,0.30769067819019724,0.30702935986093305,0.28809839648411634
CZE,2011,90720.826,0.6115611746706038,0.2835618108976391,0.3279993637729647,0.31276611233074414,0.29879506233985975
CZE,2012,86619.906,0.6326805847615541,0.2893836816436836,0.3432969031178705,0.3235130527050389,0.30916753205651515
CZE,2013,82597.057,0.645134415276373,0.28952676038365593,0.355607654892717,0.3354956300722852,0.3096387852040878
CZE,2014,81923.242,0.6524406819735324,0.2897193974054146,0.3627212845681178,0.336845223855108,0.31559545811842443
DEU,2000,819016.2580476785,0.3516907721364872,0.1983798979341472,0.15331087420233996,0.19612370562792733,0.15556706650855986
DEU,2001,831616.5505619362,0.3494994693739613,0.1963321381410452,0.15316733123291612,0.1971847390266404,0.15231473034732093
DEU,2002,837326.6308064042,0.3559947732913013,0.19978033634902062,0.15621443694228054,0.21312695015758562,0.14286782313371568
DEU,2003,846245.0986207277,0.36810211477032334,0.20730641783058895,0.16079569693973422,0.21816852118501548,0.14993359358530786
DEU,2004,828826.221863189,0.38012919456823796,0.20887159911152448,0.17125759545671343,0.22492385193399625,0.15520534263424166
DEU,2005,798933.5504497973,0.3990822850047385,0.2144828932802772,0.18459939172446138,0.2331238104853626,0.16595847451937595
DEU,2006,806342.573338687,0.42085392667170285,0.22043647603866298,0.2004174506330398,0.2441376000778063,0.17671632659389658
DEU,2007,807655.2064701368,0.4323354743199929,0.22667824854358737,0.20565722577640552,0.2521957403136874,0.18013973400630554
DEU,2008,725369.501,0.44022529773645136,0.2290779264919318,0.21114737124451935,0.2529709334610267,0.18725436427542463
DEU,2009,658761.094,0.42555290529061335,0.2297328834798925,0.19582002181072086,0.24882650288784494,0.17672640240276843
DEU,2010,696776.764,0.4468393673778975,0.23441441106120503,0.21242495631669248,0.2531717609551313,0.1936676064227662
DEU,2011,683724.8400000001,0.4617393208966268,0.23898462485854752,0.2227546960380793,0.2573503920508417,0.20438892884578508
DEU,2012,690589.4619999999,0.4666546033315777,0.2401787790973356,0.226475824234242,0.26223689937975425,0.2044177039518235
DEU,2013,699356.712,0.4641796984020342,0.2370958102470512,0.22708388815498293,0.2638111732172258,0.2003685251848084
DEU,2014,676142.721,0.4718483539864042,0.24191398047802307,0.22993437350838117,0.2713168671849624,0.20053148680144178
DNK,2000,66281.486,0.4535565119348065,0.22387027017634437,0.22968624175846208,0.23410265709899253,0.219453854835814
DNK,2001,66762.661,0.4545443129502013,0.22346864490267712,0.2310756680475241,0.23502961408854708,0.21951469886165426
DNK,2002,68010.898,0.4620275924969162,0.22441409439611573,0.23761349810080054,0.23821422761178165,0.22381336488513456
DNK,2003,76901.768,0.4601902844662269,0.22299773109096677,0.23719255337526002,0.2415663145352754,0.21862396993095146
DNK,2004,72736.285,0.4700693131245234,0.2246496966842998,0.24541961644022345,0.24299805255875037,0.227071260565773
DNK,2005,77340.669,0.49918080543767573,0.23130440356425014,0.26787640187342554,0.25415262998981436,0.24502817544786135
DNK,2006,95160.208,0.5222416017554774,0.2364331069183293,0.28580849483714815,0.2660812694199531,0.2561603323355243
DNK,2007,91846.389,0.5353901236026204,0.2473189267938706,0.28807119680874976,0.2699788129562018,0.26541131064641865
DNK,2008,86029.76,0.5498101840245041,0.24689362222348749,0.30291656180101667,0.27644267532337047,0.2733675087011336
DNK,2009,79711.709,0.5290263034904484,0.2556479997498818,0.27337830374056654,0.2798850578564182,0.24914124563403026
DNK,2010,78061.26,0.5327931426203255,0.23953587504707413,0.2932572675732514,0.27774937737822586,0.25504376524209965
DNK,2011,76453.847,0.5471610069160466,0.24556444088909382,0.3015965660269528,0.27969279109619083,0.26746821581985575
DNK,2012,70136.413,0.5581000564479993,0.2540621042803177,0.30403795216768165,0.29091335908831817,0.26718669735968115
DNK,2013,68290.118,0.5644572879057126,0.25802075282934,0.3064365350763724,0.29025211844094,0.27420516946477247
DNK,2014,63441.2,0.5606668495516072,0.2609842204100844,0.2996826291415228,0.29017232650896435,0.2704945230426429
ESP,2000,263735.4138636986,0.35883405921459666,0.22159093981602968,0.137243119398567,0.16840062678973047,0.1904334324248662
ESP,2001,266563.5827654048,0.3460732503018136,0.21480738377796263,0.1312658665238509,0.16802667514851116,0.17804657515330244
ESP,2002,283431.249733289,0.3353362945798123,0.20779364160906577,0.12754265297074655,0.16472488769522484,0.17061140688458748
ESP,2003,285574.2017264286,0.3271761202056538,0.20058447662979473,0.126591643575859,0.16194942343690247,0.16522669676875132
ESP,2004,295664.41359796457,0.33499845405534573,0.20117176323075325,0.13382669082459245,0.16407607151324988,0.1709223825420959
ESP,2005,307048.98772745667,0.33905860271251287,0.20019902892279204,0.13885957378972086,0.16017774946340738,0.17888085324910555
ESP,2006,295630.98904772603,0.3506716798393101,0.20467076991264868,0.14600090992666137,0.16219102890489245,0.18848065093441765
ESP,2007,309768.52090192307,0.3608409366599147,0.20902996086907633,0.15181097579083852,0.1701229473224801,0.1907179893374346
ESP,2008,276979.361,0.3579326251899617,0.20545765906171432,0.15247496612824737,0.16898762338277623,0.1889450018071855
ESP,2009,238896.481,0.32055362915054647,0.1913669166355656,0.12918671251498084,0.1589246542228594,0.16162897492768707
ESP,2010,225758.924,0.3536352754633308,0.20072238713269946,0.15291288833063135,0.1703315647919566,0.18330371067137424
ESP,2011,232377.4,0.3772434943588081,0.20936724007097726,0.1678762542878308,0.18466138441690502,0.19258210994190308
ESP,2012,230872.177,0.3867314639780096,0.21349521364034782,0.1732362503376618,0.19404822845887681,0.19268323551913283
ESP,2013,203999.631,0.3875556006218756,0.21039886666097915,0.1771567339608964,0.19737102519436192,0.1901845754275137
ESP,2014,207497.199,0.3961951271683303,0.21492025924229094,0.1812748679260394,0.20117355132285716,0.19502157584547314
EST,2000,14473.129395971306,0.5556123325316213,0.3371165785462678,0.21849575398535356,0.2590222249669288,0.29659010756469256
EST,2001,14819.035584434485,0.5627724876177883,0.27114249528177314,0.2916299923360151,0.26754698752409284,0.2952255000936955
EST,2002,14266.492285566648,0.5643206864067146,0.4746981120782298,0.0896225743284846,0.2736382545559617,0.290682431850753
EST,2003,16315.825581392823,0.5701182044074357,0.22222139283245554,0.34789681157498015,0.285891571986115,0.2842266324213207
EST,2004,16612.22149030242,0.6033347769327693,0.2869905154585001,0.3163442614742691,0.303688175655869,0.2996466012769003
EST,2005,16805.680010078464,0.632866011553742,0.29038564694725294,0.3424803646064892,0.32729998530364685,0.3055660262500952
EST,2006,15429.978386863964,0.6365156005584525,0.3002299363971614,0.3362856641612909,0.32186558080601935,0.3146500197524331
EST,2007,19143.284919164784,0.6533032993861605,0.30916788756680796,0.3441354118193526,0.3430936467542401,0.3102096526319204
EST,2008,17698.816,0.66622132432569,0.3061748074258559,0.3600465168998341,0.35489365651457205,0.311327667811118
EST,2009,14273.971,0.6329999924774535,0.3149911327745252,0.3180088597029284,0.3447509177952891,0.28824907468216443
EST,2010,18800.916,0.6869901143425309,0.3168528073583239,0.370137306984207,0.372327531598072,0.3146625827444588
EST,2011,18332.186,0.7095147101711885,0.3660649059634773,0.34344980420771115,0.383209848805371,0.3263048613658175
EST,2012,17639.69,0.7226998265985012,0.3191267667096757,0.4035730598888255,0.38194787912162215,0.3407519474768791
EST,2013,19426.076,0.723222189159399,0.48929187697787024,0.23393031218152843,0.3872918809415267,0.3359303082178722
EST,2014,18608.819,0.7073596997901712,0.3193444487409897,0.3880152510491814,0.37892789963726964,0.32843180015290147
FIN,2000,60793.343866279305,0.4251446272252505,0.2469635729239356,0.17818105430131484,0.24078631006807866,0.1843583171571718
FIN,2001,68201.35559361403,0.4107561657688415,0.23825687799423348,0.17249928777460805,0.23822424221247132,0.1725319235563702
FIN,2002,72974.64049739538,0.4193437236194792,0.2451846150412078,0.17415910857827138,0.2459251979876022,0.17341852563187696
FIN,2003,78932.40599618068,0.41917629941335627,0.2431694319582236,0.17600686745513275,0.24137933931087535,0.17779696010248094
FIN,2004,73955.375646957,0.43947030474006543,0.2531749038671432,0.18629540087292218,0.25213404896714614,0.18733625577291935
FIN,2005,61112.99133252907,0.4501028138445696,0.25023417350614907,0.19986864033842047,0.24441496499287124,0.20568784885169838
FIN,2006,73138.45989648627,0.4670784752993125,0.254467153052709,0.21261132224660356,0.2518481368842371,0.21523033841507544
FIN,2007,71901.62337932391,0.47443597134977156,0.2561696901161956,0.21826628123357605,0.25645828662277814,0.21797768472699341
FIN,2008,54611.465,0.4921577947246077,0.2634582600968393,0.22869953462776826,0.25729866892395087,0.23485912580065688
FIN,2009,52367.445999999996,0.46723346928626563,0.25314473537317633,0.2140887339130892,0.25462577067026226,0.2126076986160034
FIN,2010,60790.842,0.49642300959781455,0.2663103475297691,0.23011266206804526,0.26303591700575885,0.2333870925920557
FIN,2011,54094.424,0.5108007690225254,0.27476093202573454,0.23603983699679082,0.2624789087943353,0.24832186022819014
FIN,2012,48412.124,0.5232692879511449,0.2765125913517284,0.24675669659941668,0.2685928745343456,0.2546764134167993
FIN,2013,49430.493,0.5306781950068332,0.2766743040331439,0.2540038909736892,0.27752419041911613,0.25315400458771703
FIN,2014,44976.357,0.5200602304421702,0.2694336610788338,0.2506265693633364,0.272734634501252,0.2473255959409182
FRA,2000,321790.24202782434,0.3492023591474375,0.19294296534535893,0.15625939380207865,0.1794759331798787,0.16972642596755888
FRA,2001,320207.25909129967,0.3441029923993106,0.1909366478727957,0.1531663445265148,0.17881503535643498,0.16528795704287566
FRA,2002,313081.20985736244,0.3398257414181279,0.18888798148187613,0.1509377599362516,0.1789403425983047,0.16088539881982317
FRA,2003,313408.56620485417,0.33881702962309046,0.18815692679033097,0.15066010283275952,0.17970448402025643,0.15911254560283405
FRA,2004,305305.4707079619,0.34782274891479525,0.18925276507937272,0.15856998383542265,0.18000776881800684,0.1678149800967884
FRA,2005,304610.7560174367,0.3615398756111019,0.19335196971642674,0.16818790589467514,0.18333490408686742,0.17820497152423448
FRA,2006,294469.5346790317,0.375759687432366,0.19525140463184854,0.18050828280051737,0.19033282814860597,0.18542685928376001
FRA,2007,296006.34431323636,0.3799797434782725,0.19618521754355225,0.1837945259347202,0.19213502430505425,0.1878447191732183
FRA,2008,282832.365,0.39241359435021517,0.20196100805960265,0.19045258629061243,0.19788951541159816,0.194524078938617
FRA,2009,260044.277,0.37593197266605854,0.20205887560077024,0.17387309706528828,0.19097308553049988,0.1849588871355587
FRA,2010,268037.048,0.4029064978069696,0.2056378120298721,0.19726868577709727,0.19976859960430965,0.20313789820265998
FRA,2011,255057.719,0.42426282218163197,0.21474455734270795,0.20951826483892397,0.20779564818644453,0.2164671739951875
FRA,2012,250138.938,0.4315611901437752,0.21356729992794568,0.2179938902158295,0.21142686217898543,0.22013432796478982
FRA,2013,250356.797,0.43208448337312827,0.21295453340188944,0.2191299499712389,0.21511352033188025,0.21697096304124805
FRA,2014,230475.28,0.4349947545043133,0.21940171237579978,0.21559304212851355,0.21819187227416328,0.21680288223015004
GBR,2000,466821.27800000005,0.3308348944656024,0.1943722250883612,0.1364626693772413,0.18963775812816433,0.14119713633743805
GBR,2001,476008.012,0.3401341836305321,0.19923720232199155,0.14089698130854056,0.19685477434201745,0.14327940928851468
GBR,2002,461870.431,0.33679013466660895,0.1969466715972878,0.139843463069321,0.19248866416197383,0.1443014705046351
GBR,2003,475494.822,0.3439018256900715,0.20090588923454228,0.14299593645552927,0.19921850688111106,0.1446833188089604
GBR,2004,478763.109,0.34834582304570727,0.19832274048107104,0.1500230825646362,0.20010230666784842,0.14824351637785885
GBR,2005,478763.109,0.3608618885031547,0.20326302995941944,0.15759885854373532,0.2054960893670355,0.15536579913611923
GBR,2006,474841.38999999996,0.37111985434323536,0.2077544652317147,0.16336538911152046,0.20868729855024293,0.1624325557929924
GBR,2007,470260.725,0.37368826746458966,0.20785899364001673,0.16582927382457296,0.20918169959819835,0.16450656786639137
GBR,2008,455540.582,0.3983451923413973,0.2123395462342313,0.186005646107166,0.22236982986086504,0.17597536248053228
GBR,2009,405130.48000000004,0.40171519925139426,0.2130082140596691,0.1887069851917252,0.2189202734232622,0.18279492582813203
GBR,2010,415500.51,0.4249866277185099,0.22994381642869247,0.19504281128981743,0.22676987179016686,0.19821675592834306
GBR,2011,394452.24799999996,0.44967963251503135,0.23800470134493806,0.21167493117009337,0.23741705054183762,0.21226258197319378
GBR,2012,401158.545,0.4426857684162631,0.23477401486049684,0.20791175355576622,0.23188782100367827,0.2107979474125848
GBR,2013,387589.136,0.424063441714892,0.23876203801776713,0.18530140369712475,0.22926608036954985,0.19479736134534217
GBR,2014,363757.778,0.4067550701352116,0.22345178974193092,0.18330328039328067,0.22136854083102198,0.18538652930418967
GRC,2000,117350.30509993891,0.2319287629076219,0.18652883783687746,0.04539992507074448,0.08777063038300705,0.14415813252461487
GRC,2001,118757.12613808693,0.22923695503312735,0.1556160806648302,0.07362087436829713,0.08783789423450518,0.1413990607986222
GRC,2002,117499.29618677268,0.2136645867362286,0.14739202627360817,0.06627256046262038,0.08166437423809647,0.13200021249813215
GRC,2003,119004.48487009219,0.21718849555998557,0.14620225420883956,0.07098624135114592,0.09024071448837662,0.12694778107160895
GRC,2004,118566.16114523099,0.23458564112067584,0.16978948882121858,0.06479615229945726,0.1021203081355862,0.13246533298508964
GRC,2005,120136.05693966654,0.2335243759481615,0.15042904021567538,0.083095335732486,0.10182880416177555,0.13169557178638597
GRC,2006,118329.43750574642,0.250204530164741,0.15844352500028994,0.09176100516445103,0.10575576084580726,0.14444876931893375
GRC,2007,123005.41036369455,0.2724715616775222,0.16881447445619346,0.10365708722132877,0.11489634554193726,0.15757521613558492
GRC,2008,89200.862,0.27896464551104466,0.1779227633317374,0.10104188217930728,0.12246669068123761,0.15649795482980705
GRC,2009,82101.957,0.24412281688351264,0.16191757427422543,0.0822052426092872,0.10702354060945547,0.13709927627405716
GRC,2010,77284.846,0.2708357227609496,0.17263918381677087,0.09819653894417872,0.12090377056661815,0.14993195219433145
GRC,2011,74408.185,0.2801054712217534,0.18089799189816905,0.09920747932358437,0.1297243896545166,0.1503810815672368
GRC,2012,74804.09,0.2827958294198507,0.1764890011984472,0.10630682822140348,0.13062045466631836,0.1521753747535324
GRC,2013,67104.383,0.3010451663540985,0.1847558758373904,0.11628929051670803,0.15084856957707946,0.15019659677701905
GRC,2014,64270.517,0.31465210018281187,0.1924937389624888,0.12215836122032303,0.15675536382990127,0.15789673635291063
HRV,2000,17684.40601074301,0.45346643639105655,0.2739142409363712,0.1795521954546854,0.23717867993155742,0.21628775645949916
HRV,2001,18539.35153482661,0.47923092059587896,0.28634588447816456,0.19288503611771424,0.24991388626272573,0.22931703433315326
HRV,2002,19201.830346443498,0.4913228687340743,0.29406155622805447,0.1972613125060199,0.25094942711341195,0.24037344162066235
HRV,2003,20273.560427346907,0.4872419573832112,0.2806307240955391,0.2066112332876721,0.25185610186287893,0.23538585552033225
HRV,2004,19778.057528970934,0.48840480001196684,0.2755857249428724,0.2128190750690943,0.2538971831716054,0.2345076168403614
HRV,2005,20054.51982916246,0.4863146362070552,0.27007826683657454,0.21623636937048052,0.25045563592945647,0.23585900027759873
HRV,2006,20271.189793611233,0.48849182455275303,0.26266387457130363,0.22582794998144942,0.24798751873494984,0.2405043058178032
HRV,2007,21795.12814337979,0.49291593103359826,0.2645498553331469,0.22836607570045137,0.2497169937639405,0.2431989372696578
HRV,2008,18164.982,0.4944537171826456,0.2665702167797128,0.22788350040293293,0.2555297149356316,0.23892400224701404
HRV,2009,16326.881000000001,0.45156014225726737,0.2574051439570484,0.1941549983002189,0.24499239943854448,0.20656774281872287
HRV,2010,15773.972,0.4744777364865785,0.2577493222300848,0.2167284142564937,0.2600597502857002,0.21441798620087835
HRV,2011,15554.54,0.4995175099257524,0.260635369049809,0.23888214087594334,0.2734960045248505,0.22602150540090188
HRV,2012,14215.640000000001,0.5094760028481548,0.26388799586938916,0.24558800697876565,0.27887078851188724,0.2306052143362675
HRV,2013,13890.121,0.525011371771672,0.27153963020542726,0.2534717415662447,0.29296966236201716,0.2320417094096549
HRV,2014,13170.53,0.5389871653679293,0.27703519293567813,0.2619519724322513,0.30106419526563033,0.23792297010229896
HUN,2000,45856.619,0.5607406034505242,0.284764147198458,0.2759764562520661,0.25152914264643556,0.3092114608040887
HUN,2001,46547.686,0.5610023101968507,0.2833080085293809,0.2776943016674698,0.2621932479916162,0.29880906220523445
HUN,2002,44991.979,0.5330262994617816,0.2709636271362482,0.2620626723255335,0.25109295253395963,0.28193334692782196
HUN,2003,46194.808,0.5384983160409261,0.27924331889728926,0.25925499714363687,0.25235915507359696,0.28613916096732916
HUN,2004,45631.817,0.5427767151565217,0.27261232364247623,0.27016439151404553,0.2562795984483005,0.2864971167082212
HUN,2005,44893.186,0.5564945117211506,0.2675805732320339,0.2889139384891165,0.26538293919866374,0.2911115725224868
HUN,2006,45201.132999999994,0.597409055566378,0.2798545741621555,0.3175544814042225,0.28296463221134466,0.3144444233550334
HUN,2007,45654.674,0.6152633201756438,0.27969031622821816,0.33557300394742584,0.3002161251311036,0.3150471950445402
HUN,2008,44223.979,0.6137402570861364,0.28444789171431206,0.32929236537182444,0.2946317735555202,0.3191084835306163
HUN,2009,38851.762,0.6112775393030501,0.2725256714797507,0.33875186782329925,0.30279611823628494,0.30848142106676507
HUN,2010,39462.164,0.6333909078164479,0.20492241479421497,0.4284684930222329,0.3155295082863915,0.3178613995300563
HUN,2011,39076.078,0.6621441527957429,0.29611605418498865,0.3660280986107543,0.327433937055857,0.3347102157398859
HUN,2012,36104.981,0.6804944321064662,0.29032060449786234,0.3901738276086037,0.34544683567584095,0.33504759643062526
HUN,2013,34229.884,0.6940186428796239,0.2937464640371391,0.40027217884248467,0.3575758809598002,0.3364427619198236
HUN,2014,34674.186,0.6892474079670293,0.2949770568743116,0.3942703510927177,0.3470811737945471,0.34216623417248226
IDN,2000,285688.5509904909,0.32037653152931744,0.20943459921030574,0.11094193231901174,0.16633453095513068,0.15404200057418677
IDN,2001,301752.66211001895,0.3117536992216585,0.2092274769162861,0.10252622230537237,0.15663124982794924,0.15512244939370928
IDN,2002,303864.8186139234,0.28097350463292997,0.18871625779835074,0.09225724683457921,0.1448055508058542,0.1361679538270758
IDN,2003,327763.21327183174,0.26486154637256715,0.1779997329050185,0.08686181346754863,0.1446000802569704,0.12026146611559674
IDN,2004,330069.05057884887,0.2806975637278434,0.18487116745848917,0.09582639626935419,0.14516227046975883,0.13553529325808453
IDN,2005,332036.0762814812,0.2969176889802529,0.19305459772355305,0.10386309125669987,0.15129780151903713,0.14561988746121582
IDN,2006,357697.1107406723,0.2814631073206454,0.17898166454199402,0.10248144277865137,0.15038280971070256,0.13108029760994283
IDN,2007,374030.0940131351,0.27600031853134854,0.17509113280202487,0.10090918572932366,0.14491698729910282,0.1310833312322457
IDN,2008,367131.6974543932,0.2888582937458914,0.18152698612564486,0.10733130762024659,0.14392027114816974,0.14493802259772162
IDN,2009,382534.824207684,0.24283273814983766,0.15314506315938362,0.08968767499045413,0.12669753017240554,0.11613520797743215
IDN,2010,401041.4739074243,0.26622282931405855,0.16705238757381757,0.09917044174024095,0.13937802705872743,0.1268448022553311
IDN,2011,403632.4749936369,0.2777770260318107,0.1707221536085398,0.10705487242327087,0.1444137111281969,0.13336331490361378
IDN,2012,412105.2035932034,0.27109363214557547,0.1691802896136651,0.10191334253191038,0.13435139820067526,0.13674223394490023
IDN,2013,419104.76791650086,0.2702276125774775,0.16955932840024568,0.10066828417723186,0.13168569403801017,0.1385419185394674
IDN,2014,470001.18632330035,0.2677018921516866,0.1663608352547229,0.10134105689696377,0.13103375949099208,0.13666813266069452
IND,2000,910246.2731429746,0.19540644843848765,0.1371270600524957,0.05827938838599192,0.09287144243619697,0.1025350060022907
IND,2001,931226.7268348808,0.1893050368543349,0.13212494746397785,0.05718008939035696,0.08887743235974452,0.10042760449459037
IND,2002,956244.0537685076,0.20278554592055795,0.1404430670975934,0.062342478822964474,0.09816846407797691,0.10461708184258106
IND,2003,978322.2948369232,0.19669038967665675,0.1352706588494783,0.061419730827178345,0.09462192346850612,0.10206846620815066
IND,2004,1050429.5706306875,0.22669962362447074,0.15245491805621847,0.07424470556825222,0.11104253324562668,0.11565709037884406
IND,2005,1111595.3870530284,0.24499833583355868,0.1634781186606573,0.08152021717290124,0.11997885695727972,0.12501947887627896
IND,2006,1179197.8767738806,0.25884563684588235,0.17446412397637576,0.08438151286950654,0.12232879225661483,0.13651684458926755
IND,2007,1281206.8730342938,0.2614671166093975,-0.010352083406053663,0.27181920001545,0.12739288101741822,0.13407423559197928
IND,2008,1363998.632968593,0.2648896284279506,0.17786942136239586,0.08702020706555472,0.1256946075652693,0.13919502086268132
IND,2009,1538750.8481207034,0.2343448490068009,0.19315000929036968,0.04119483971643116,0.10772391401917893,0.12662093498762197
IND,2010,1629143.3823281042,0.24922898373647256,0.16846874612948506,0.08076023760698747,0.1196018019921533,0.12962718174431928
IND,2011,1710014.9600472893,0.24198644668522887,0.16072374505890194,0.08126270162632693,0.11012748333955534,0.13185896334567354
IND,2012,1816881.9574341006,0.24104020974207788,0.16311918725456448,0.07792102248751341,0.10563231318768106,0.13540789655439683
IND,2013,1871961.1767314991,0.23516519875635386,0.1563565020124393,0.07880869674391452,0.10742000940039392,0.12774518935595994
IND,2014,2041497.5634715185,0.21749130674214923,0.14543043909619183,0.07206086764595732,0.0980042920935322,0.11948701464861701
IRL,2000,32873.851,0.6339453360415609,0.3383409749579449,0.29560436108361593,0.32490710801680717,0.30903822802475367
IRL,2001,34726.357,0.6509624893500157,0.3505919513360079,0.30037053801400787,0.3394818275959372,0.31148066175407857
IRL,2002,33061.314,0.6522166921492609,0.3608713672928347,0.2913453248564261,0.3482414949974392,0.3039751971518217
IRL,2003,32523.603,0.623924617272156,0.35451616456228796,0.269408452709868,0.3310372658699792,0.29288735140217675
IRL,2004,32648.810999999998,0.618923253054769,0.3332573644054425,0.28566588864932646,0.3191041993114797,0.29981905374328927
IRL,2005,34152.703,0.6232413118487049,0.3352988872371716,0.28794242461153324,0.32023193375418585,0.30300937809451906
IRL,2006,33412.86,0.639950109696651,0.34806217269278505,0.29188793700386584,0.32280065666052626,0.31714945303612463
IRL,2007,33362.095,0.677805821042209,0.36425440675616017,0.31355141428604866,0.351804763132688,0.32600105790952105
IRL,2008,32621.985,0.6883712565761118,0.36442081138821064,0.32395044518790095,0.3390279471279993,0.3493433094481125
IRL,2009,27834.011000000002,0.7307190132950798,0.4430959415670635,0.28762307172801627,0.378491035629662,0.35222797766541797
IRL,2010,35032.905,0.77859024750892,0.4013958665734155,0.37719438093550445,0.4267525152671008,0.3518377322418192
IRL,2011,32792.76,0.7572209169477069,0.6503195294146888,0.10690138753301874,0.42370672643274737,0.33351419051495956
IRL,2012,34023.936,0.7809458758059955,0.4740377878695441,0.30690808793645147,0.4332033225067475,0.3477425532992481
IRL,2013,31511.416,0.7847588298018574,0.4268885124963119,0.3578703173055456,0.44239608193874647,0.34236274786311094
IRL,2014,32408.371,0.7718207628861898,0.47373084115338904,0.2980899217328007,0.4175683387937828,0.354252424092407
ITA,2000,356536.49,0.2939132523839911,0.182092626347633,0.11182062603635796,0.14759648431684613,0.14631676806714494
ITA,2001,360435.352,0.2947950598139703,0.18233502914308355,0.11246003067088675,0.15076783866426974,0.1440272211497006
ITA,2002,365138.40400000004,0.28425768953513186,0.17556332112435533,0.10869436841077654,0.14502345293281782,0.13923423660231413
ITA,2003,378572.642,0.2802198139174571,0.17230547083119158,0.10791434308626542,0.1442012839340458,0.13601852998341127
ITA,2004,382280.109,0.2931114473719289,0.1772090128784592,0.11590243449346965,0.15260293090051238,0.14050851647141652
ITA,2005,382614.723,0.3065415696867848,0.18402699900137853,0.12251457068540625,0.15619422463428623,0.15034734505249858
ITA,2006,385596.304,0.3244002682345912,0.19107679778172168,0.13332347045286946,0.16298627502810326,0.161413993206488
ITA,2007,380604.105,0.33161677423194685,0.19323042447876407,0.13838634975318276,0.1672982531998604,0.16431852103208647
ITA,2008,372256.112,0.32930686659685776,0.19134033711882598,0.13796652947803176,0.16556616207651825,0.1637407045203395
ITA,2009,315253.685,0.31079652664334473,0.18681830901039242,0.12397821763295229,0.15014197015190078,0.16065455649144397
ITA,2010,322746.572,0.3434415543624141,0.19398272423143353,0.14945883013098046,0.16103582685807316,0.1824057275043409
ITA,2011,315647.219,0.36107588459076473,0.20013648779479293,0.16093939679597166,0.16982967961997755,0.1912462049707872
ITA,2012,296642.74700000003,0.3731946813245663,0.2022427193007683,0.17095196202379798,0.18333936885659438,0.18985531246797194
ITA,2013,269178.472,0.3725745209344727,0.19992773745487086,0.17264678347960177,0.18259344968576777,0.1899810712487049
ITA,2014,259346.415,0.37391855082977554,0.19958385490488184,0.17433469592489378,0.18621777578424217,0.1877007750455334
JPN,2000,1136096.8874118011,0.14335248554930555,0.0917650211357428,0.05158746441356267,0.07481762825091198,0.06853485729839358
JPN,2001,1126005.0540063549,0.14899824163686717,0.10443696492378826,0.044561276713079,0.07655098784064733,0.07244725379621987
JPN,2002,1153017.4303810508,0.15562891883555008,0.10197647096981406,0.05365244786573593,0.08231601244072236,0.07331290639482772
JPN,2003,1160186.0363640215,0.1617866244033724,0.10569498623460133,0.05609163816877101,0.08491854579178856,0.07686807861158389
JPN,2004,1147239.3312590814,0.17693481724684168,0.0284652222949403,0.1484695949519013,0.09160418711790454,0.08533063012893714
JPN,2005,1146801.50243532,0.19144477937320822,0.1268378830756857,0.06460689629752255,0.09429937835295982,0.0971454010202484
JPN,2006,1121786.7039535963,0.21494425919419524,0.1384256389783415,0.07651862021585366,0.10196250000051485,0.1129817591936804
JPN,2007,1170468.4447688123,0.23349240895240372,0.22137455065513914,0.01211785829726455,0.11174670404716447,0.12174570490523923
JPN,2008,1086621.9914789118,0.24886458194585612,0.1540513616795551,0.094813220266301,0.11133488475778512,0.137529697188071
JPN,2009,1026510.9590022187,0.20525640986078816,0.13127510829708514,0.07398130156370304,0.10137038518166905,0.10388602467911913
JPN,2010,1073667.4013618676,0.22248767549738144,0.14586189155053614,0.07662578394684524,0.10858936493970693,0.11389831055767449
JPN,2011,1115880.548489123,0.23911678572948153,0.1539683552953606,0.08514843043412097,0.10968198553876493,0.12943480019071663
JPN,2012,1146024.6675778255,0.23991990263132376,0.1607056099673883,0.07921429266393548,0.10640840535342937,0.13351149727789444
JPN,2013,1174218.431462886,0.2609814368503549,0.1712297034422354,0.0897517334081195,0.11728395989041346,0.14369747695994145
JPN,2014,1122363.8809232167,0.27450250833572315,0.1790490928816342,0.09545341545408893,0.12170708437532535,0.15279542396039783
KOR,2000,498819.2584892282,0.348063912068746,0.22388417634148464,0.12417973572726129,0.17200404500014035,0.17605986706860566
KOR,2001,512130.65773456113,0.33201222270917713,0.21208418268076676,0.11992804002841048,0.15752513520199718,0.17448708750717998
KOR,2002,499909.45530387457,0.31159584182929917,0.20011971339410622,0.11147612843519288,0.14685431730623125,0.1647415245230679
KOR,2003,500868.58126114274,0.3262865551192649,0.2041385694355847,0.12214798568368009,0.15644831651996047,0.16983823859930441
KOR,2004,518285.59067465254,0.35343684191186514,0.21727497321117634,0.13616186870068864,0.17339486562293868,0.18004197628892646
KOR,2005,517187.09234703495,0.35575674571784327,0.21981831737705454,0.13593842834078873,0.1719088230586301,0.1838479226592132
KOR,2006,526383.596051569,0.36540460600597463,0.22755263171680465,0.13785197428916995,0.17182463570309692,0.19357997030287777
KOR,2007,535077.8356090675,0.3908201146494321,0.23509739816906605,0.15572271648036604,0.1901543900886607,0.20066572456077142
KOR,2008,546206.4914969202,0.46021314561695814,0.27022973010421547,0.18998341551274267,0.21315945327475927,0.24705369234219887
KOR,2009,559367.9239261963,0.4215951320426553,0.2574598338598501,0.16413529818280517,0.20248608666683462,0.2191090453758207
KOR,2010,611018.4780773141,0.43453706779143864,0.27855159099488824,0.1559854767965504,0.20255618356903946,0.23198088422239915
KOR,2011,629133.3592739325,0.46847297502006313,0.27356177279775357,0.1949112022223096,0.21151978620694525,0.25695318881311785
KOR,2012,630086.6433157482,0.481529997805827,-0.5905314483624091,1.0720614461682363,0.2232725933185034,0.25825740448732365
KOR,2013,624605.2439661354,0.4737598052209852,0.2760399888886235,0.19771981633236166,0.22961943961325834,0.24414036560772692
KOR,2014,617962.865936221,0.4669335575323188,0.27623599995742654,0.19069755757489223,0.23586777766431574,0.23106577986800306
LTU,2000,10854.127779034052,0.34728619141564426,0.060861244467530634,0.2864249469481134,0.18218347547416142,0.1651027159414829
LTU,2001,12495.531036892626,0.38577629906446,0.5270346742137564,-0.14125837514929684,0.20823204714205973,0.17754425192240028
LTU,2002,12161.606882853335,0.4259150697612607,0.14528112987869773,0.28063393988256213,0.24505934058086717,0.18085572918039355
LTU,2003,11792.80774016315,0.4264143615299277,0.1866259319020701,0.23978842962785749,0.24233814495567915,0.18407621657424855
LTU,2004,12579.110308850895,0.4373802246261583,0.24336225447472884,0.19401797015142946,0.2426964545063283,0.19468377011982999
LTU,2005,12934.213805906262,0.46721777127668684,0.25295062843286464,0.2142671428438222,0.2560051749388192,0.21121259633786765
LTU,2006,13013.207251923675,0.48519414209437517,0.2511436744958573,0.23405046759851802,0.25824491209526373,0.22694922999911146
LTU,2007,13960.319532803778,0.48840156818923286,0.2661458554107612,0.22225571277847173,0.2614832810714963,0.22691828711773648
LTU,2008,15080.833,0.5025879820196123,0.2848608957648042,0.21772708625480816,0.26736142921258765,0.23522655280702465
LTU,2009,12395.842,0.479069065830725,0.32060136597580946,0.15846769985491546,0.26948736504235693,0.20958170078836805
LTU,2010,13437.682,0.5217011931366697,0.3910713711988434,0.13062982193782635,0.29515650902507135,0.22654468411159837
LTU,2011,14468.206,0.5464312303205926,0.12067391621703015,0.42575731410356243,0.3098596076067341,0.2365716227138585
LTU,2012,14661.523,0.5686765874927383,0.2643539790535597,0.3043226084391786,0.32765229417297803,0.24102429331976025
LTU,2013,14239.396,0.5797788209061419,0.27315852510991745,0.30662029579622435,0.3379905539210432,0.24178826698509864
LTU,2014,15177.562,0.5797394739766235,0.7832286683467046,-0.20348919437008137,0.3404442790307315,0.2392951949458921
LUX,2000,7838.012471034334,0.8130028190664325,0.4226101986468693,0.39039262041956324,0.4514473108295205,0.361555508236912
LUX,2001,8740.015813000937,0.82693100777921,0.42508911997917787,0.401841887800032,0.452301165901188,0.37462984187802195
LUX,2002,9793.321470160286,0.8202776894426451,0.4216275259944901,0.398650163448155,0.4508423024403214,0.3694353870023237
LUX,2003,10443.277988269809,0.8329973992819591,0.4287809148291598,0.4042164844527993,0.44461620466622953,0.3883811946157296
LUX,2004,11704.540102380508,0.866896437067276,0.42769396019378386,0.4392024768734921,0.4560748524113572,0.4108215846559189
LUX,2005,8616.935926401862,0.8685259005445826,0.36857808948956583,0.49994781105501657,0.4531242758017134,0.4154016247428691
LUX,2006,8222.039053281615,0.8935905263629277,0.40885632512876185,0.48473420123416594,0.4606640499231535,0.4329264764397741
LUX,2007,8420.31334311296,0.919984365506447,0.436971837662621,0.48301252784382614,0.48264859646295943,0.43733576904348753
LUX,2008,7396.379,0.9635119475047139,0.45344549007237334,0.5100664574323406,0.49516979251908777,0.46834215498562615
LUX,2009,7413.564,0.9445442055158283,0.4394474000558222,0.5050968054600059,0.49133858581520873,0.4532056197006196
LUX,2010,7509.76,0.9640629514802009,0.4251826211077267,0.5388803303724743,0.49133998170532284,0.4727229697748781
LUX,2011,6700.234,0.9607908730895744,0.4247374201546746,0.5360534529348997,0.49460035351822784,0.4661905195713466
LUX,2012,6716.366,0.9560651448753539,0.4022725218257977,0.5537926230495562,0.4883061027020024,0.4677590421733515
LUX,2013,6712.061,1.0173902367054295,0.4385265534177003,0.5788636832877291,0.5064386815609508,0.5109515551444785
LUX,2014,6762.3099999999995,0.976594444096743,0.4251959699643044,0.5513984741324387,0.49521463424216944,0.4813798098545735
LVA,2000,7205.576,0.43647009415969296,0.24264522999454216,0.19382486416515074,0.21150757483539817,0.22496251932429476
LVA,2001,7512.419,0.489862612260703,0.3175076056972672,0.17235500656343558,0.2561093937133486,0.2337532185473544
LVA,2002,7489.889,0.4374215284396518,0.2491826063164993,0.1882389221231526,0.21135560036509446,0.2260659280745573
LVA,2003,7416.572999999999,0.4502035287520084,0.2625404530562355,0.18766307569577298,0.22413298165262158,0.22607054709938687
LVA,2004,7394.609,0.48968200228733016,0.26906224447950505,0.2206197578078252,0.24384165778373365,0.24584034450359654
LVA,2005,7338.009,0.5134940763846776,0.2637516736043733,0.2497424027803043,0.2617153666504574,0.2517787097342202
LVA,2006,8010.941,0.5243335987606638,0.2763634682938122,0.24797013046685165,0.25304825082757376,0.27128534793309
LVA,2007,8748.097,0.529233699184833,0.2778311279885752,0.25140257119625786,0.266663100174349,0.26257059901048396
LVA,2008,8474.234,0.5316703866751027,0.2801126139454271,0.25155777272967556,0.28679441747110956,0.24487596920399318
LVA,2009,7129.629,0.8615178100963338,0.4904234603507127,0.37109434974562056,0.6398066113790283,0.22171119871730552
LVA,2010,8520.244,0.7541702193978997,0.40679449955369956,0.34737571984419974,0.49911190000191635,0.2550583193959834
LVA,2011,7574.7519999999995,0.7669178009057606,0.39501957672281557,0.3718982241829454,0.4975239347981174,0.26939386610764315
LVA,2012,7212.679,0.7918624766507978,0.40148503092116367,0.39037744572963373,0.5140144824461065,0.27784799420469125
LVA,2013,6976.241,0.6411378554329207,0.30564229201575915,0.33549556341716147,0.3659891509068655,0.27514870452605517
LVA,2014,6766.728,0.6354684554479775,0.30533945519246297,0.33012900025551434,0.36279731239016305,0.27267114305781437
MEX,2000,343768.1922408767,0.2574152629728093,0.1686403100975192,0.08877495287529012,0.10282242018074646,0.15459284279206287
MEX,2001,343358.7616979017,0.2417624809746644,0.15903216686580526,0.08273031410885905,0.09619041310880233,0.14557206786586208
MEX,2002,343160.8546738028,0.24080848001944613,0.15767710687144804,0.08313137314799805,0.10193469492352873,0.13887378509591744
MEX,2003,351195.14936659974,0.25579637139680844,0.16882397186592898,0.08697239953087935,0.10913215856503913,0.1466642128317693
MEX,2004,356760.6321622072,0.2613346927848021,0.17038302300952674,0.09095166977527534,0.1091926028561827,0.15214208992861944
MEX,2005,372529.2239677896,0.26922404609148737,0.17394427985377145,0.09527976623771592,0.1157485422547466,0.15347550383674077
MEX,2006,381524.0297770432,0.2707118515976629,0.17053967640596493,0.10017217519169798,0.11370120955261061,0.15701064204505236
MEX,2007,389421.2925953137,0.27897749813763745,0.17196019585087094,0.10701730228676648,0.11682874432259166,0.1621487538150458
MEX,2008,383832.3237881698,0.2852634736978217,0.17341103957872056,0.1118524341191011,0.11834700104571458,0.16691647265210707
MEX,2009,381195.6959905023,0.28625612711097687,0.17718422346939094,0.10907190364158582,0.1219112321685858,0.1643448949423911
MEX,2010,393019.2327688651,0.30750085465165444,0.18490566992288604,0.12259518472876846,0.1316778218814994,0.17582303277015507
MEX,2011,402321.4952031068,0.31632888744310633,0.1886020744978167,0.12772681294528967,0.13095774862113163,0.18537113882197473
MEX,2012,411699.8406777283,0.31937786853538497,0.19155204342437793,0.12782582511100704,0.13610567209057708,0.1832721964448079
MEX,2013,404229.9490949395,0.32208670638867604,0.19468605013378706,0.127400656254889,0.14429003261547566,0.1777966737732004
MEX,2014,399017.95325386425,0.3209829333062096,0.1962797981263562,0.12470313517985333,0.140918002000829,0.18006493130538057
MLT,2000,2984.9680000000003,0.593172916633408,0.3136159692119807,0.27955694742142717,0.23372670678572813,0.3594462098476798
MLT,2001,2957.754,0.5979728191516932,0.3537858122667529,0.24418700688494013,0.24305335138894002,0.3549194677627532
MLT,2002,3037.882,0.6286181291767899,0.37170033315248735,0.2569177960243025,0.2780418204504063,0.3505763087263837
MLT,2003,3269.6,0.6313096776484038,0.4005340348232266,0.2307756428251771,0.2763112195887908,0.3549984580596131
MLT,2004,3257.137,0.6714932158246283,0.38886521714941297,0.2826279986752153,0.2828629427887318,0.38863027303589653
MLT,2005,3048.661,0.6736436538743628,0.38845705523192303,0.2851865986424397,0.2832293026156385,0.3904143512587243
MLT,2006,3140.479,0.7135679660618848,0.39802075690509847,0.31554720915678625,0.29536971845140836,0.4181982476104764
MLT,2007,3296.823,0.7409216690156541,0.36808666223887665,0.3728350067767777,0.31215371401904535,0.42876795499660886
MLT,2008,3402.591,0.7694181910720991,0.397254668865309,0.37216352220679005,0.32930789174117303,0.4401102993309261
MLT,2009,3376.527,0.7477624441261598,0.39814725949394764,0.34961518463221225,0.3204994994995171,0.4272629446266427
MLT,2010,3671.0730000000003,0.747716228199383,0.38038139482219346,0.3673348333771895,0.31130530037670173,0.4364109278226813
MLT,2011,3625.401,0.7604284042685385,0.314048462610494,0.4463799416580445,0.30347211096683296,0.4569562933017056
MLT,2012,3664.459,0.8218836419518561,0.4126448231966488,0.4092388187552071,0.3190399290528178,0.5028437128990383
MLT,2013,3338.5099999999998,0.7694875198426122,0.4353597762034159,0.33412774363919645,0.3130619013232541,0.45642561851935803
MLT,2014,3400.697,0.7500451699544337,0.4112253705977559,0.3388197993566779,0.3026203254122323,0.4474248445422015
NOR,2000,57035.81992616279,0.43987430145690404,0.2529171089774359,0.18695719247946804,0.2714164063499351,0.168457895106969
NOR,2001,56716.394320432984,0.44176732245242833,0.2430774154204812,0.19868990703194717,0.2708849536340853,0.17088236881834307
NOR,2002,55159.35188041423,0.42801879425388395,0.25507089405408856,0.17294790019979542,0.2648947392386966,0.16312405501518729
NOR,2003,57164.571558461415,0.42682079025533465,0.24829321267456964,0.17852757758076515,0.2665051871080023,0.16031560314733234
NOR,2004,58199.724758732074,0.43118165835131245,0.23994840302500678,0.1912332553263056,0.2621447847783117,0.16903687357300076
NOR,2005,60441.20556349201,0.43600567149729685,0.24655766240530708,0.18944800909198978,0.26378006812124527,0.17222560337605156
NOR,2006,60949.9785957134,0.4359516256430135,0.17506774218559443,0.2608838834574191,0.26328099469965205,0.17267063094336144
NOR,2007,61670.95619477591,0.44654001854043673,0.2324907004178205,0.21404931812261618,0.265605654747545,0.18093436379289174
NOR,2008,53930.13092577,0.45562975939027084,0.3673996144105684,0.08823014497970244,0.27122568735170105,0.18440407203856976
NOR,2009,51043.6670325,0.44712956200692927,0.24465207271575187,0.20247748929117734,0.270549971746612,0.17657959026031725
NOR,2010,54943.23947418,0.4504838533545136,0.25933971346772267,0.19114413988679096,0.26621692597231134,0.1842669273822022
NOR,2011,50859.80241035,0.4568340024716557,0.20562979379716528,0.2512042086744904,0.26654706643268233,0.1902869360389734
NOR,2012,50161.967521880004,0.4521730788991412,0.24783362481072913,0.20433945408841223,0.26304975311288203,0.1891233257862592
NOR,2013,47754.15476716,0.46293889378909675,0.2702650929569526,0.19267380083214425,0.2727826597784692,0.19015623401062756
NOR,2014,46238.03607761,0.46891872202808116,-0.8024148477317133,1.2713335697597945,0.27619568028707325,0.1927230417410079
POL,2000,289021.439749749,0.36907069960321637,0.21433291796100556,0.15473778164221083,0.17728469631364038,0.19178600328957596
POL,2001,285817.69885216706,0.3649069556278319,0.20593402901426766,0.1589729266135642,0.18552537341049213,0.17938158221733977
POL,2002,276819.8962005883,0.3773033862810019,0.2094577310708149,0.16784565521018696,0.19533338951073065,0.18196999677027123
POL,2003,288770.82476573094,0.4046702590144581,0.22146924257320585,0.18320101644125222,0.2089823596769513,0.19568789933750674
POL,2004,290204.33974823286,0.4114263570831238,0.22521590247211942,0.18621045461100438,0.21058993735625245,0.20083641972687138
POL,2005,283354.30103246943,0.41435587949996866,0.21949133250913494,0.1948645469908338,0.21697514745157423,0.19738073204839446
POL,2006,294543.53930957196,0.43971423806786525,0.2271351103796177,0.2125791276882475,0.22724905451513405,0.21246518355273122
POL,2007,296189.14282076486,0.44322483982838434,0.2275249229499682,0.21569991687841622,0.22756615769705033,0.21565868213133402
POL,2008,289278.006,0.4435547031201834,0.22638986401198438,0.21716483910819903,0.2250955702985984,0.218459132821585
POL,2009,274349.87899999996,0.4285057653471068,0.22141112503373117,0.20709464031337557,0.22439604112338699,0.20410972422371987
POL,2010,287940.33900000004,0.46276317442907244,0.23381322695641124,0.22894994747266117,0.23326583476460136,0.22949733966447106
POL,2011,291898.707,0.47865507365803367,0.23590340209896465,0.24275167155906882,0.24056638139391784,0.2380886922641158
POL,2012,283347.267,0.4851738804645828,0.23926544374633016,0.24590843671825263,0.24640590598301454,0.2387679744815683
POL,2013,278969.455,0.488740367527187,0.23734982717520225,0.25139054035198494,0.25494370997376553,0.23379665755342152
POL,2014,270070.026,0.4923860400264716,0.23581014498649322,0.25657589503997835,0.25612565634800377,0.23626038367846788
PRT,2000,57356.600000000006,0.3327937635421929,0.21014554923456225,0.12264821430763075,0.1282577944312449,0.20453596911094804
PRT,2001,57062.9,0.32825261309779086,0.20876683364417667,0.11948577945361408,0.12880423047379602,0.19944838262399484
PRT,2002,60347.4,0.3343276533293643,0.21156087117034292,0.12276678215902123,0.14008498081324813,0.19424267251611618
PRT,2003,55375.1,0.3458382748928684,0.2131714789206285,0.1326667959722398,0.15613754379776593,0.18970073109510247
PRT,2004,58463.600000000006,0.36762369369898973,0.22167283184153025,0.14595086185745945,0.17049260273946573,0.197131090959524
PRT,2005,61225.600000000006,0.3757387964426906,0.22684482651446586,0.14889396992822476,0.17436703763402486,0.20137175880866573
PRT,2006,56775.700000000004,0.40306736969877366,0.2390271367066684,0.16404023299210532,0.1937234472400932,0.20934392245868053
PRT,2007,54245.4,0.423718176524558,0.24734819698620053,0.17636997953835754,0.21160953575563837,0.21210864076891964
PRT,2008,52714.5,0.4362319980213259,0.2519848004024189,0.1842471976189071,0.21266779091553953,0.2235642071057864
PRT,2009,48773.9,0.39733744733576537,0.23438160892218968,0.16295583841357583,0.20020571057848785,0.19713173675727758
PRT,2010,43812.9,0.4178646736966505,0.2393004028811939,0.17856427081545662,0.20820659010192602,0.20965808359472443
PRT,2011,43483.200000000004,0.44989489910879243,0.24548400357507552,0.20441089553371694,0.2244672849085959,0.22542761420019652
PRT,2012,42640.6,0.4656113276918512,0.24976537740838012,0.21584595028347117,0.2439278663536659,0.22168346133818537
PRT,2013,40977.1,0.47925895473342595,0.25579285913133876,0.223466095602087,0.2572964180018728,0.22196253673155314
PRT,2014,41201.4,0.48551717943836226,0.2625673895818488,0.2229497898565135,0.25785987031405044,0.22765730912431187
ROU,2000,86677.7329049772,0.4055566309864181,0.19234897456547073,0.21320765642094727,0.20473498358762593,0.2008216473987922
ROU,2001,91634.01948424235,0.418886138375034,0.2551358310617155,0.1637503073133186,0.2053695139673678,0.21351662440766625
ROU,2002,90930.50204218471,0.42996817183975816,0.25807507654165623,0.17189309529810207,0.22129704694358313,0.20867112489617504
ROU,2003,95624.5755153293,0.4375253660077552,0.26712840080211336,0.17039696520564185,0.21416476790606692,0.22336059810168835
ROU,2004,93374.383023458,0.437486948703192,0.2666881765520469,0.17079877215114508,0.20962903841492775,0.22785791028826424
ROU,2005,93420.74749853076,0.41231353126987524,0.2466979275090722,0.16561560376080312,0.19166111746041464,0.22065241380946063
ROU,2006,95145.83050329093,0.4149446250753149,0.24302567520804888,0.17191894986726614,0.1935989619206,0.22134566315471493
ROU,2007,93400.03931016172,0.41115675114640315,0.24835661957510954,0.16280013157129353,0.19201901993585493,0.21913773121054825
ROU,2008,93021.113,0.38688462513388866,0.2210867411105885,0.16579788402329992,0.1802658779504538,0.20661874718343484
ROU,2009,73527.18500000001,0.369197326180884,0.21882478769749866,0.15037253848338533,0.17734883261146614,0.19184849356941794
ROU,2010,72457.989,0.4090263081709034,0.22951788278277488,0.17950842538812864,0.20214282846900467,0.20688347970189877
ROU,2011,77886.044,0.4510162972966898,0.24943154036352513,0.2015847569331646,0.2226307308390084,0.2283855664576814
ROU,2012,73796.87400000001,0.45511726307147143,0.25112696534388973,0.20399029772758168,0.2267068900095643,0.22841037306190712
ROU,2013,65314.498,0.4598608273881156,0.2527230669322431,0.20713776045587262,0.24576110398015846,0.21409972340795713
ROU,2014,65799.57400000001,0.4639943084010139,0.25342616499324666,0.21056814340776714,0.2501926995895876,0.21380160881142626
RUS,2000,1409353.5868898258,0.24436614355979686,0.1554343943886085,0.0889317491711883,0.17544026366619306,0.06892587989360377
RUS,2001,1404489.731034418,0.21219370648747257,0.13679412279339354,0.07539958369407905,0.14659747963494313,0.06559622685252946
RUS,2002,1406602.3613934817,0.21518365124048178,0.1385634779985214,0.07662017324196034,0.14503588875081846,0.07014776248966333
RUS,2003,1459082.5003097593,0.22051406545028288,0.14082108528186696,0.07969298016841589,0.14753835226457163,0.07297571318571124
RUS,2004,1462531.1523599902,0.198049033215773,0.12392118840069552,0.07412784481507745,0.1368386686817147,0.0612103645340583
RUS,2005,1481444.2687732023,0.20112830977963309,0.12401311869756279,0.0771151910820703,0.1352634438701042,0.0658648659095289
RUS,2006,1554117.1917167848,0.19489929390909852,0.11762544071900977,0.07727385319008871,0.1306422919626092,0.0642570019464893
RUS,2007,1540736.4956266081,0.18227121522962028,0.10985343559652508,0.07241777963309522,0.12307623302457536,0.05919498220504493
RUS,2008,1548937.1887670634,0.19157245427666011,0.1143912232273226,0.0771812310493375,0.12983642733583278,0.06173602694082735
RUS,2009,1435784.2736135437,0.17752925938580139,0.11199382841489035,0.06553543097091102,0.12416837756701586,0.05336088181878552
RUS,2010,1535927.695919069,0.18414730270350127,0.11155872217342366,0.07258858053007756,0.1262793693525045,0.057867933350996756
RUS,2011,1606921.484338257,0.1857839174563535,0.110019667511884,0.07576424994446944,0.12612443930077383,0.05965947815557968
RUS,2012,1602526.2404202556,0.18305774379232695,0.10836290850984616,0.07469483528248076,0.12242070703815267,0.060637036754174284
RUS,2013,1565197.2422745437,0.18807171974870898,0.1143684492955593,0.07370327045314966,0.12165496100326223,0.06641675874544678
RUS,2014,1525436.3575292572,0.20120167315095613,0.12340162656278421,0.07780004658817194,0.13110169917420825,0.07009997397674789
SVK,2000,35970.136999999995,0.4216370407256447,0.24932734702567869,0.17230969369996604,0.17406013171921708,0.2475769090064276
SVK,2001,37651.212,0.45184519044080573,0.22933288383830314,0.22251230660250249,0.18648561249057533,0.2653595779502304
SVK,2002,36443.441,0.45721515806893265,0.24032934917989157,0.216885808889041,0.19594136658217956,0.2612737914867531
SVK,2003,37070.346,0.4646927248532965,0.23530201050456295,0.2293907143487334,0.21270424665639362,0.25198847819690284
SVK,2004,37807.347,0.5072311010862475,0.2463009109579718,0.26093019012827556,0.24046615579742964,0.2667649452888178
SVK,2005,37244.635,0.530756588189539,0.2574810697526699,0.273275518436869,0.2513746276673304,0.27938196052220854
SVK,2006,37234.042,0.5585983665638715,0.2634727180289196,0.29512564853495205,0.2638956317262102,0.2947027348376613
SVK,2007,35770.531,0.5498447368718782,0.2556117598788882,0.2942329769929899,0.27070279966056066,0.2791419372113175
SVK,2008,36086.93,0.550641823770535,0.25822605358803535,0.2924157701824998,0.26990996199010175,0.28073186178043336
SVK,2009,32261.108,0.5115987702758783,0.23303873860846125,0.2785600316674169,0.2465079446376198,0.2650908256382584
SVK,2010,32500.476000000002,0.5251716751500286,0.24210056211145625,0.28307111303857224,0.25335274914817774,0.2718189260018508
SVK,2011,32776.951,0.5631052811013604,0.2412046480542626,0.32190063304709776,0.2788616143007107,0.28424366680064966
SVK,2012,30426.096,0.5868806738027386,0.25152640303385515,0.33535427076888324,0.29834248920942935,0.28853818459330915
SVK,2013,29886.643,0.5997439051289647,0.2818852469677004,0.3178586581612643,0.3044325154317025,0.2953113896972622
SVK,2014,28380.067,0.591163942720125,0.26369877442875994,0.3274651682913648,0.2984805100148017,0.29268343270532327
SVN,2000,11975.605258684966,0.42540321191436214,0.2406749142469947,0.18472829766736734,0.20151830754201797,0.2238849043723442
SVN,2001,12655.433817719197,0.42963978963713584,-0.1807770971542981,0.6104168867914345,0.20933041812483588,0.2203093715122999
SVN,2002,12842.283241316194,0.432888207258528,0.1977867934726261,0.23510141378590185,0.21912823661736308,0.21375997064116498
SVN,2003,12797.185960182971,0.44806957013266485,0.23715441463199563,0.21091515550066928,0.23298633257930093,0.21508323755336398
SVN,2004,12904.123888058608,0.5010429803678057,0.27202168649613195,0.22902129387167378,0.27089512961233564,0.23014785075547015
SVN,2005,13115.614076887057,0.5367274606235666,0.2648553780164881,0.27187208260707835,0.29420537648753703,0.24252208413602952
SVN,2006,13698.520132543465,0.5656651370512812,0.28650397029091385,0.27916116676036734,0.3128951629671713,0.2527699740841099
SVN,2007,13760.691757704386,0.5915971350894252,0.2680765913890987,0.3235205437003268,0.3323394442873113,0.259257690802114
SVN,2008,15371.890000000001,0.5921693429413913,0.2659070420504665,0.32626230089092484,0.32757415118240574,0.2645951917589856
SVN,2009,13815.993,0.567053709015703,-0.4950536451016467,1.0621073541173496,0.3249843803268696,0.24206932868883346
SVN,2010,13747.498,0.6348833971856728,0.2770738175503271,0.35780957963534565,0.3696924123499129,0.26519098483575987
SVN,2011,13933.386,0.7287633186245974,0.333704614457156,0.39505870416744143,0.44927087588199865,0.2794924427425988
SVN,2012,13349.64,0.8102822628920308,0.43825347251260877,0.3720287903794214,0.5312741999270433,0.2790080629649874
SVN,2013,12869.494999999999,0.7968654468687127,0.9373679370418394,-0.14050249017312746,0.5204307085561729,0.27643473831253984
SVN,2014,11490.613,0.7332914760198981,0.334195894310791,0.3990955817091069,0.458521385040754,0.27477009097914407
SWE,2000,60149.542485585975,0.47238954015455004,0.25310320418595056,0.21928633596859956,0.2635626110713267,0.2088269290832234
SWE,2001,60781.70005001519,0.48228334992603034,0.25950204777642627,0.2227813021496041,0.2714820228670803,0.21080132705895008
SWE,2002,60970.78471282479,0.46767311787125143,0.2513253939494826,0.21634772392176882,0.26300485405285684,0.2046682638183946
SWE,2003,59557.587872797805,0.46180883455271865,0.2479878324479498,0.2138210021047689,0.2613711833333455,0.2004376512193731
SWE,2004,57270.84576129726,0.47072180005991,0.24795123151379297,0.22277056854611696,0.2692080370553127,0.2015137630045973
SWE,2005,54605.92360083367,0.48997984225600316,0.2532227627851313,0.23675707947087193,0.27684422414418663,0.21313561811181655
SWE,2006,53151.79381933976,0.5022614908549642,0.2551147779592222,0.24714671289574203,0.28291253222567314,0.21934895862929105
SWE,2007,52423.47524020467,0.5129019488869425,0.2596097327963872,0.25329221609055536,0.28966100068096795,0.22324094820597462
SWE,2008,49945.781,0.5407399763872213,0.2702473067439091,0.27049266964331226,0.3056690293425099,0.23507094704471135
SWE,2009,45465.295,0.5306381270130651,0.26876175154902326,0.2618763754640419,0.30655321700347815,0.224084910009587
SWE,2010,51127.532,0.5220524051370836,0.2622611828761466,0.25979122226093704,0.3019210315122338,0.22013137362484986
SWE,2011,47361.765,0.5212259998784914,0.2599944833712059,0.26123151650728565,0.2984926342762851,0.22273336560220633
SWE,2012,44976.269,0.5287169709253022,0.2599346865921556,0.26878228433314666,0.30664432643208756,0.22207264449321462
SWE,2013,42995.372,0.5246311382300791,0.2601966748453225,0.2644344633847564,0.3072738048469209,0.21735733338315819
SWE,2014,42053.931,0.5276989690664119,0.26265383432148576,0.26504513474492614,0.30718159377437204,0.22051737529203985
TUR,2000,181602.565,0.23098730574229043,0.1469588044779439,0.08402850126434651,0.10893953305726314,0.1220477726850273
TUR,2001,171044.58299999998,0.2785413028746812,0.14788779119172907,0.13065351168295225,0.1477379766855604,0.13080332618912083
TUR,2002,177373.589,0.27572946381178703,0.15252733654528255,0.12320212726650441,0.13638082626741604,0.13934863754437105
TUR,2003,188936.788,0.26499659112013013,0.1547722585396803,0.11022433258044981,0.12275206709311762,0.14224452402701251
TUR,2004,194045.564,0.2769800885127048,0.15749049996093,0.11948958855177476,0.12674561240769733,0.15023447610500745
TUR,2005,209723.323,0.2670437502221667,0.1549802802798599,0.11206346994230686,0.11790462706277817,0.14913912315938851
TUR,2006,227808.91700000002,0.28177313127513937,0.1738747753109499,0.10789835596418958,0.12444983743623506,0.15732329383890437
TUR,2007,254005.517,0.2826548194690126,0.1472529758827031,0.13540184358630955,0.12584602260353545,0.1568087968654772
TUR,2008,238842.348,0.29837003647848354,0.17320632722627047,0.12516370925221307,0.13904239896908266,0.15932763750940093
TUR,2009,239487.24899999998,0.2882895291050285,0.16492773175108807,0.12336179735394051,0.1481042587164316,0.14018527038859688
TUR,2010,244325.062,0.2834393155170143,0.16429231625501403,0.11914699926200026,0.13273702608203555,0.1507022894349787
TUR,2011,265954.406,0.3035661720967442,0.16533460735871958,0.13823156473802445,0.1428071938042411,0.1607589782925031
TUR,2012,263953.359,0.3145853202090125,0.1793048787532772,0.1352804414557352,0.15930485666424782,0.15528046354476466
TUR,2013,257243.279,0.31651539160830805,0.16731043928528969,0.14920495232301836,0.15258833037896355,0.1639270612293445
TUR,2014,270788.543,0.32220709190490104,0.1661698886444291,0.15603720326047185,0.16266519044321426,0.15954190146168679
TWN,2000,258235.50013577787,0.44518793871795803,0.2687923652617854,0.1763955734561726,0.2160825126658013,0.22910542605215672
TWN,2001,267050.9960315048,0.4377907723752579,0.25998448094630333,0.17780629142895463,0.21820199929341483,0.2195887730818431
TWN,2002,273219.3573167534,0.4479958770548186,0.26804222448486514,0.17995365256995355,0.22677942982034577,0.2212164472344728
TWN,2003,281312.1867021234,0.47240259565908743,0.28058229987498007,0.1918202957841074,0.23772583860619026,0.23467675705289714
TWN,2004,288054.4981390686,0.5096022257638607,0.301961960805533,0.20764026495832769,0.24557946878493203,0.26402275697892863
TWN,2005,293503.0940606142,0.5254121106440437,0.30776805126471124,0.21764405937933248,0.25501506337310276,0.270397047270941
TWN,2006,302555.2488936314,0.5478830059556723,0.3124341409243304,0.23544886503134183,0.26459885100048686,0.28328415495518533
TWN,2007,304964.31466463365,0.585874944395024,0.331031610568844,0.2548433338261799,0.29301317824080103,0.29286176615422294
TWN,2008,289803.9435246819,0.6029157850287773,0.336397366493764,0.2665184185350132,0.2888176760181335,0.3140981090106438
TWN,2009,278468.6904602024,0.5635915876318606,0.3325470431097173,0.23104454452214354,0.28976306625218723,0.27382852137967345
TWN,2010,299730.54048434115,0.5887215003339656,0.34224740438005197,0.24647409595391356,0.28917100360395404,0.29955049673001155
TWN,2011,295685.1289584766,0.6075340338322059,0.3457667897949868,0.2617672440372191,0.2960299467895707,0.3115040870426352
TWN,2012,285171.7317846665,0.6069611267717057,0.34707911508253714,0.2598820116891687,0.30063392767448316,0.3063271990972226
TWN,2013,288769.1597493972,0.6005525210238194,0.3484235317387549,0.2521289892850645,0.29924318118433124,0.3013093398394882
TWN,2014,294203.2032255356,0.6082424590451966,0.3468075134941614,0.26143494555103514,0.307813548588419,0.3004289104567777
USA,2000,5049730.64644615,0.1659949593413042,0.10399107940625651,0.06200387993504763,0.08422795436806028,0.08176700497324395
USA,2001,5029255.675812072,0.15544743577538905,0.09860513773145682,0.056842298043932205,0.08133853968540486,0.07410889608998422
USA,2002,4837999.610919325,0.1551300985707548,0.09829969078831663,0.0568304077824381,0.07980129415482272,0.07532880441593207
USA,2003,4847259.063237027,0.15983016763927033,0.10200940666727137,0.05782076097199891,0.08043624048382209,0.07939392715544827
USA,2004,4876385.546967237,0.1724665047287796,0.10930302488816535,0.06316347984061423,0.08347259862891623,0.08899390609986339
USA,2005,4859210.418848211,0.1811551611589033,0.11416063003029832,0.06699453112860489,0.08496500352572743,0.09619015763317584
USA,2006,4775742.650588168,0.19050010833722392,0.11901392113375929,0.07148618720346463,0.08986987641917242,0.10063023191805151
USA,2007,4852479.581572189,0.19715134349173571,0.12038309047553428,0.07676825301620138,0.09709553331647908,0.10005581017525667
USA,2008,4656765.456808351,0.21725700293657424,0.13277406726469218,0.084482935671882,0.10692562102243995,0.11033138191413429
USA,2009,4277934.531095045,0.18755120862927357,0.1214485336267814,0.06610267500249212,0.10089187312979095,0.08665933549948263
USA,2010,4492126.54120096,0.20356993995009495,0.1286261043506866,0.07494383559940826,0.10837218517458425,0.0951977547755107
USA,2011,4336327.052981317,0.21990445929465982,0.1377363347547935,0.08216812453986633,0.11447140381769053,0.1054330554769693
USA,2012,4215407.156217438,0.21528194095151004,0.1355473507879151,0.07973459016359487,0.11186175199031796,0.10342018896119207
USA,2013,4274554.447724992,0.21271207964811426,0.13260340733836318,0.08010867230975101,0.10908969089985956,0.1036223887482547
USA,2014,4343472.547859918,0.21160176797741803,0.1312772588677118,0.08032450910970619,0.10837944671902143,0.10322232125839664
